{
  "title": null,
  "command": null,
  "env": {
    "SHELL": "/usr/bin/zsh",
    "TERM": "xterm-256color"
  },
  "width": 80,
  "duration": 30.025052,
  "height": 24,
  "version": 1,
  "stdout": [
    [
      0.184838,
      "\u001b]0;hunter@ss-arch: ~\u0007"
    ],
    [
      0.003761,
      "\u001b]0;~\u0007"
    ],
    [
      0.004545,
      "\r\n\u001b[34m~\u001b[39m\u001b[38;5;242m\u001b[39m\u001b[36m\u001b[39m\u001b[33m\u001b[39m\r\n"
    ],
    [
      0.002147,
      "\u001b]777;notify;Command completed;asciinema rec\u0007\u001b]7;file:///home/hunter\u0007"
    ],
    [
      8e-05,
      "\u001b[0m\u001b[27m\u001b[24m\u001b[J\u001b[35m»\u001b[39m \u001b[K\u001b[?2004h"
    ],
    [
      1.080695,
      "\u001b[4mc\u001b[24m"
    ],
    [
      0.12383,
      "\b\u001b[24m\u001b[32mc\u001b[32md\u001b[39m"
    ],
    [
      0.471106,
      " "
    ],
    [
      0.199386,
      "\u001b[4mD\u001b[24m"
    ],
    [
      0.204875,
      "\b\u001b[4mD\u001b[4mo\u001b[24m"
    ],
    [
      0.152657,
      "\b\u001b[4mo\u001b[4mc\u001b[24m"
    ],
    [
      0.113329,
      "\b\u001b[4mc\u001b[4mu\u001b[24m"
    ],
    [
      0.194562,
      "\b\u001b[4mu\u001b[4mm\u001b[24m"
    ],
    [
      0.124923,
      "\b\u001b[4mm\u001b[4me\u001b[24m"
    ],
    [
      0.020724,
      "\b\u001b[4me\u001b[4mn\u001b[24m"
    ],
    [
      0.116308,
      "\b\u001b[4mn\u001b[4mt\u001b[24m"
    ],
    [
      0.149473,
      "\b\u001b[4mt\u001b[4ms\u001b[24m"
    ],
    [
      0.112147,
      "\b\u001b[4ms\u001b[4m/\u001b[24m"
    ],
    [
      0.283417,
      "\b\u001b[4m/\u001b[4ma\u001b[24m"
    ],
    [
      0.437942,
      "\b\u001b[4ma\u001b[4mq\u001b[24m"
    ],
    [
      0.112048,
      "\b\u001b[4mq\u001b[4mu\u001b[24m"
    ],
    [
      0.481772,
      "\b\u001b[4mu\u001b[4mi\u001b[24m"
    ],
    [
      0.270935,
      "\b\u001b[4mi\u001b[4ml\u001b[24m"
    ],
    [
      0.019625,
      "\b\u001b[4ml\u001b[4ma\u001b[24m"
    ],
    [
      0.174005,
      "\b\u001b[4ma\u001b[1m\u001b[4m/\u001b[0m\u001b[24m"
    ],
    [
      0.983189,
      "\b\b\u001b[4ma\u001b[24m\u001b[0m\u001b[24m \b"
    ],
    [
      0.000799,
      "\u001b[?2004l\r\r\n"
    ],
    [
      0.000179,
      "\u001b]0;hunter: cd Documents/aquila\u0007"
    ],
    [
      5.5e-05,
      "\u001b]0;hunter@ss-arch: ~/Documents/aquila\u0007"
    ],
    [
      0.003061,
      "\u001b]0;~/Documents/aquila\u0007"
    ],
    [
      0.008693,
      "\r\n\u001b[34m~/Documents/aquila\u001b[39m\u001b[38;5;242m master\u001b[39m\u001b[36m\u001b[39m\u001b[33m\u001b[39m\r\n"
    ],
    [
      0.003457,
      "\u001b]777;notify;Command completed;cd Documents/aquila\u0007\u001b]7;file:///home/hunter/Documents/aquila\u0007"
    ],
    [
      2.7e-05,
      "\u001b[0m\u001b[27m\u001b[24m\u001b[J\u001b[35m»\u001b[39m \u001b[K\u001b[?2004h"
    ],
    [
      1.379986,
      "\u001b[1m\u001b[31mt\u001b[0m\u001b[39m"
    ],
    [
      0.054631,
      "\b\u001b[0m\u001b[32mt\u001b[32mr\u001b[39m"
    ],
    [
      0.293152,
      "\b\b\u001b[1m\u001b[31mt\u001b[1m\u001b[31mr\u001b[1m\u001b[31me\u001b[0m\u001b[39m"
    ],
    [
      0.169032,
      "\b\b\b\u001b[0m\u001b[32mt\u001b[0m\u001b[32mr\u001b[0m\u001b[32me\u001b[32me\u001b[39m"
    ],
    [
      1.784178,
      " "
    ],
    [
      0.135225,
      "\u001b[4me\u001b[24m"
    ],
    [
      0.32694,
      "\b\u001b[4me\u001b[4mx\u001b[24m"
    ],
    [
      0.124741,
      "\b\u001b[4mx\u001b[4ma\u001b[24m"
    ],
    [
      0.209516,
      "\b\u001b[4ma\u001b[4mmple\u001b[1m\u001b[4m/\u001b[0m\u001b[24m"
    ],
    [
      1.18254,
      "\b\b\u001b[4me\u001b[24m\u001b[0m\u001b[24m \b"
    ],
    [
      0.000889,
      "\u001b[?2004l\r\r\n"
    ],
    [
      0.000144,
      "\u001b]0;aquila: tree example\u0007"
    ],
    [
      0.004466,
      "example\r\n├── config.json\r\n├── css\r\n│   └── theme\r\n│       └── cmr.css\r\n├── graph.md\r\n├── math.md\r\n"
    ],
    [
      2.4e-05,
      "├── table.md\r\n└── title.md\r\n\r\n2 directories, 6 files\r\n"
    ],
    [
      9.9e-05,
      "\u001b]0;hunter@ss-arch: ~/Documents/aquila\u0007"
    ],
    [
      0.003352,
      "\u001b]0;~/Documents/aquila\u0007"
    ],
    [
      0.00792,
      "\r\n\u001b[34m~/Documents/aquila\u001b[39m\u001b[38;5;242m master\u001b[39m\u001b[36m\u001b[39m\u001b[33m\u001b[39m\r\n"
    ],
    [
      0.003278,
      "\u001b]777;notify;Command completed;tree example\u0007\u001b]7;file:///home/hunter/Documents/aquila\u0007"
    ],
    [
      2.9e-05,
      "\u001b[0m\u001b[27m\u001b[24m\u001b[J\u001b[35m»\u001b[39m \u001b[K\u001b[?2004h"
    ],
    [
      5.985735,
      "\u001b[4mb\u001b[24m"
    ],
    [
      0.187877,
      "\b\u001b[4mb\u001b[4mi\u001b[24m"
    ],
    [
      0.017464,
      "\b\b\u001b[4mb\u001b[4mi\u001b[4mn\u001b[24m"
    ],
    [
      0.298459,
      "\b\u001b[4mn\u001b[4m/\u001b[24m"
    ],
    [
      0.208484,
      "\b\u001b[4m/\u001b[4ms\u001b[24m"
    ],
    [
      0.135903,
      "\b\u001b[4ms\u001b[4me\u001b[24m"
    ],
    [
      0.069654,
      "\b\u001b[4me\u001b[4mr\u001b[24m"
    ],
    [
      0.21016,
      "\b\b\b\b\b\b\b\u001b[24m\u001b[32mb\u001b[24m\u001b[32mi\u001b[24m\u001b[32mn\u001b[24m\u001b[32m/\u001b[24m\u001b[32ms\u001b[24m\u001b[32me\u001b[24m\u001b[32mr\u001b[32mve\u001b[39m\u001b[1m \u001b[0m"
    ],
    [
      1.36846,
      "\b\u001b[0m \u001b[4me\u001b[24m"
    ],
    [
      0.193251,
      "\b\u001b[4me\u001b[4mx\u001b[24m"
    ],
    [
      0.125589,
      "\b\u001b[4mx\u001b[4ma\u001b[24m"
    ],
    [
      0.080855,
      "\b\u001b[4ma\u001b[4mm\u001b[24m"
    ],
    [
      0.192342,
      "\b\u001b[4mm\u001b[4mp\u001b[24m"
    ],
    [
      0.049755,
      "\b\u001b[4mp\u001b[4ml\u001b[24m"
    ],
    [
      0.017423,
      "\b\u001b[4ml\u001b[4me\u001b[24m"
    ],
    [
      0.215461,
      "\b\u001b[4me\u001b[1m\u001b[4m/\u001b[0m\u001b[24m"
    ],
    [
      0.650358,
      "\b\b\u001b[4me\u001b[24m\u001b[0m\u001b[24m \b"
    ],
    [
      0.000876,
      "\u001b[?2004l\r\r\n"
    ],
    [
      0.000131,
      "\u001b]0;aquila: bin/serve example\u0007"
    ],
    [
      0.030827,
      "Sending build context to Docker daemon 17.41 kB\r\r\r\n"
    ],
    [
      0.070733,
      "Step 1 : FROM ubuntu:14.04\r\n"
    ],
    [
      0.000118,
      " ---> 4d44acee901c\r\nStep 2 : EXPOSE 8000\r\n"
    ],
    [
      0.000384,
      " ---> Using cache\r\n ---> 111587d29f8a\r\n"
    ],
    [
      1.1e-05,
      "Step 3 : RUN apt-get update && apt-get -y install git nodejs npm\r\n"
    ],
    [
      0.000216,
      " ---> Using cache\r\n ---> 2e52e23778c5\r\nStep 4 : RUN apt-get update && apt-get -y install curl\r\n"
    ],
    [
      0.000221,
      " ---> Using cache\r\n ---> 2e38ef96e7f0\r\nStep 5 : RUN apt-get update && apt-get -y install unionfs-fuse\r\n"
    ],
    [
      0.0002,
      " ---> Using cache\r\n ---> dea90a169aae\r\n"
    ],
    [
      1.3e-05,
      "Step 6 : RUN apt-get update && apt-get -y install wget\r\n"
    ],
    [
      0.00021,
      " ---> Using cache\r\n ---> b51293b3ab9e\r\n"
    ],
    [
      1e-05,
      "Step 7 : RUN apt-get update && apt-get -y install zip\r\n"
    ],
    [
      0.000423,
      " ---> Using cache\r\n ---> c45c45fc27c9\r\nStep 8 : RUN apt-get update && apt-get -y install python-bs4\r\n"
    ],
    [
      0.000238,
      " ---> Using cache\r\n ---> e71b4bfa5268\r\nStep 9 : RUN ln -s /usr/bin/nodejs /usr/bin/node\r\n"
    ],
    [
      0.000232,
      " ---> Using cache\r\n ---> 64bed7d45e31\r\n"
    ],
    [
      1.1e-05,
      "Step 10 : RUN git clone https://github.com/hakimel/reveal.js.git\r\n"
    ],
    [
      0.000273,
      " ---> Using cache\r\n ---> e9d2e7b784aa\r\n"
    ],
    [
      1e-05,
      "Step 11 : WORKDIR reveal.js\r\n"
    ],
    [
      0.000241,
      " ---> Using cache\r\n ---> 1b56da552f88\r\nStep 12 : RUN git checkout 713702a0ab81d1756a30e6c14ae49afd42135541\r\n"
    ],
